main_rank,rank,source,model_type,feature_set,classifier,threshold_method,decision_threshold,n_features,model_path,val_accuracy,val_precision,val_recall,val_f1,val_auc,test_accuracy,test_precision,test_recall,test_f1,test_auc,selection_score,uses_age
1,17,basic_fusion_before_improvements,Fusion model,B_cnn_plus_mri_proxy_plus_non_age_metadata,logistic_regression,optimized_on_validation_f1,0.69,17,/kaggle/working/oasis1_oasis2_alzheimer_cv_fusion/artifacts/fusion_B_cnn_plus_mri_proxy_plus_non_age_metadata_logistic_regression.joblib,0.7857142857142857,0.7777777777777778,0.7368421052631579,0.7567567567567568,0.8323798627002289,0.7204301075268817,0.8064516129032258,0.5555555555555556,0.6578947368421053,0.7458333333333332,0.8096929309171872,False
2,18,basic_fusion_before_improvements,Fusion model,B_cnn_plus_mri_proxy_plus_non_age_metadata,extra_trees,optimized_on_validation_f1,0.42,17,/kaggle/working/oasis1_oasis2_alzheimer_cv_fusion/artifacts/fusion_B_cnn_plus_mri_proxy_plus_non_age_metadata_extra_trees.joblib,0.7619047619047619,0.7045454545454546,0.8157894736842105,0.7560975609756098,0.8255148741418765,0.6559139784946236,0.6585365853658537,0.6,0.627906976744186,0.7337962962962963,0.8046896801919964,False
3,19,basic_fusion_before_improvements,Fusion model,B_cnn_plus_mri_proxy_plus_non_age_metadata,extra_trees,default_threshold_0.50,0.5,17,/kaggle/working/oasis1_oasis2_alzheimer_cv_fusion/artifacts/fusion_B_cnn_plus_mri_proxy_plus_non_age_metadata_extra_trees.joblib,0.75,0.6976744186046512,0.7894736842105263,0.7407407407407407,0.8255148741418765,0.6881720430107527,0.7222222222222222,0.5777777777777777,0.6419753086419753,0.7337962962962963,0.8000826341215357,False
4,20,ensemble_top_cnn_fusion,Fusion model,A_ensemble_cnn_probs_plus_selected_mri_proxy,mlp_classifier,optimized_on_validation_f1,0.4,6,/kaggle/working/oasis1_oasis2_alzheimer_cv_fusion/artifacts/ensemble_fusion_A_ensemble_cnn_probs_plus_selected_mri_proxy_mlp_classifier.joblib,0.7380952380952381,0.66,0.868421052631579,0.75,0.8192219679633868,0.6881720430107527,0.6428571428571429,0.8,0.7128712871287128,0.7518518518518518,0.7984553775743707,False
5,21,basic_fusion_before_improvements,Fusion model,B_cnn_plus_mri_proxy_plus_non_age_metadata,logistic_regression,default_threshold_0.50,0.5,17,/kaggle/working/oasis1_oasis2_alzheimer_cv_fusion/artifacts/fusion_B_cnn_plus_mri_proxy_plus_non_age_metadata_logistic_regression.joblib,0.7023809523809523,0.6326530612244898,0.8157894736842105,0.7126436781609196,0.8323798627002289,0.6666666666666666,0.6944444444444444,0.5555555555555556,0.6172839506172839,0.7458333333333332,0.796459007338436,False
6,22,selected_mri_only_cnn,MRI-only CNN,mri_only_25d,convnext_tiny,selected_threshold,0.5,MRI slices,/kaggle/working/oasis1_oasis2_alzheimer_cv_fusion/checkpoints/convnext_tiny_25d.pt,0.75,0.673469387755102,0.868421052631579,0.7586206896551724,0.8117848970251716,0.7096774193548387,0.7045454545454546,0.6888888888888889,0.6966292134831461,0.763888888888889,0.7958356348141719,False
7,23,ensemble_top_cnn_fusion,Fusion model,B_ensemble_cnn_probs_plus_mri_proxy_plus_non_age_metadata,logistic_regression_robust,optimized_on_validation_f1,0.5700000000000001,19,/kaggle/working/oasis1_oasis2_alzheimer_cv_fusion/artifacts/ensemble_fusion_B_ensemble_cnn_probs_plus_mri_proxy_plus_non_age_metadata_logistic_regression_robust.joblib,0.7738095238095238,0.7435897435897436,0.7631578947368421,0.7532467532467533,0.8135011441647597,0.7311827956989247,0.75,0.6666666666666666,0.7058823529411765,0.7805555555555556,0.7954248268893577,False
8,24,ensemble_top_cnn_fusion,Fusion model,B_ensemble_cnn_probs_plus_mri_proxy_plus_non_age_metadata,logistic_regression_robust,default_threshold_0.50,0.5,19,/kaggle/working/oasis1_oasis2_alzheimer_cv_fusion/artifacts/ensemble_fusion_B_ensemble_cnn_probs_plus_mri_proxy_plus_non_age_metadata_logistic_regression_robust.joblib,0.7380952380952381,0.6739130434782609,0.8157894736842105,0.7380952380952381,0.8135011441647597,0.7204301075268817,0.7209302325581395,0.6888888888888889,0.7045454545454546,0.7805555555555556,0.7908793723439032,False
9,25,ensemble_top_cnn_fusion,Fusion model,B_ensemble_cnn_probs_plus_selected_mri_proxy_plus_non_age_metadata,logistic_regression_robust,optimized_on_validation_f1,0.53,9,/kaggle/working/oasis1_oasis2_alzheimer_cv_fusion/artifacts/ensemble_fusion_B_ensemble_cnn_probs_plus_selected_mri_proxy_plus_non_age_metadata_logistic_regression_robust.joblib,0.75,0.6976744186046512,0.7894736842105263,0.7407407407407407,0.808924485125858,0.7311827956989247,0.75,0.6666666666666666,0.7058823529411765,0.7837962962962963,0.7884693618103228,False
10,26,basic_fusion_before_improvements,Fusion model,A_cnn_plus_mri_proxy,logistic_regression,default_threshold_0.50,0.5,14,/kaggle/working/oasis1_oasis2_alzheimer_cv_fusion/artifacts/fusion_A_cnn_plus_mri_proxy_logistic_regression.joblib,0.75,0.6808510638297872,0.8421052631578947,0.7529411764705882,0.8026315789473685,0.6881720430107527,0.7105263157894737,0.6,0.6506024096385542,0.7421296296296297,0.7877244582043343,False
11,27,basic_fusion_before_improvements,Fusion model,A_cnn_plus_mri_proxy,logistic_regression,optimized_on_validation_f1,0.45,14,/kaggle/working/oasis1_oasis2_alzheimer_cv_fusion/artifacts/fusion_A_cnn_plus_mri_proxy_logistic_regression.joblib,0.75,0.6808510638297872,0.8421052631578947,0.7529411764705882,0.8026315789473685,0.6881720430107527,0.6818181818181818,0.6666666666666666,0.6741573033707865,0.7421296296296297,0.7877244582043343,False
12,28,ensemble_top_cnn_fusion,Fusion model,A_ensemble_cnn_probs_plus_selected_mri_proxy,mlp_classifier,default_threshold_0.50,0.5,6,/kaggle/working/oasis1_oasis2_alzheimer_cv_fusion/artifacts/ensemble_fusion_A_ensemble_cnn_probs_plus_selected_mri_proxy_mlp_classifier.joblib,0.7380952380952381,0.7105263157894737,0.7105263157894737,0.7105263157894737,0.8192219679633868,0.6559139784946236,0.6666666666666666,0.5777777777777777,0.6190476190476191,0.7518518518518518,0.7866132723112128,False
13,29,ensemble_top_cnn_fusion,Fusion model,B_ensemble_cnn_probs_plus_selected_mri_proxy_plus_non_age_metadata,logistic_regression_robust,default_threshold_0.50,0.5,9,/kaggle/working/oasis1_oasis2_alzheimer_cv_fusion/artifacts/ensemble_fusion_B_ensemble_cnn_probs_plus_selected_mri_proxy_plus_non_age_metadata_logistic_regression_robust.joblib,0.7261904761904762,0.6595744680851063,0.8157894736842105,0.7294117647058823,0.808924485125858,0.7204301075268817,0.7209302325581395,0.6888888888888889,0.7045454545454546,0.7837962962962963,0.7850706689998652,False
14,30,basic_fusion_before_improvements,Fusion model,B_cnn_plus_mri_proxy_plus_non_age_metadata,random_forest,default_threshold_0.50,0.5,17,/kaggle/working/oasis1_oasis2_alzheimer_cv_fusion/artifacts/fusion_B_cnn_plus_mri_proxy_plus_non_age_metadata_random_forest.joblib,0.7619047619047619,0.7045454545454546,0.8157894736842105,0.7560975609756098,0.797482837528604,0.6774193548387096,0.6923076923076923,0.6,0.6428571428571429,0.7402777777777778,0.7850672545627057,False
15,31,basic_fusion_before_improvements,Fusion model,B_cnn_plus_mri_proxy_plus_non_age_metadata,random_forest,optimized_on_validation_f1,0.49,17,/kaggle/working/oasis1_oasis2_alzheimer_cv_fusion/artifacts/fusion_B_cnn_plus_mri_proxy_plus_non_age_metadata_random_forest.joblib,0.7619047619047619,0.7045454545454546,0.8157894736842105,0.7560975609756098,0.797482837528604,0.6666666666666666,0.675,0.6,0.6352941176470588,0.7402777777777778,0.7850672545627057,False
16,32,ensemble_top_cnn_fusion,Fusion model,A_ensemble_cnn_probs_plus_mri_proxy,mlp_classifier,optimized_on_validation_f1,0.38,16,/kaggle/working/oasis1_oasis2_alzheimer_cv_fusion/artifacts/ensemble_fusion_A_ensemble_cnn_probs_plus_mri_proxy_mlp_classifier.joblib,0.7380952380952381,0.66,0.868421052631579,0.75,0.7917620137299771,0.6989247311827957,0.6666666666666666,0.7555555555555555,0.7083333333333334,0.7671296296296296,0.779233409610984,False
17,33,ensemble_top_cnn_fusion,Fusion model,B_ensemble_cnn_probs_plus_mri_proxy_plus_non_age_metadata,svc_rbf,optimized_on_validation_f1,0.17,19,/kaggle/working/oasis1_oasis2_alzheimer_cv_fusion/artifacts/ensemble_fusion_B_ensemble_cnn_probs_plus_mri_proxy_plus_non_age_metadata_svc_rbf.joblib,0.7261904761904762,0.6530612244897959,0.8421052631578947,0.735632183908046,0.7977688787185354,0.6881720430107527,0.6481481481481481,0.7777777777777778,0.7070707070707071,0.7712962962962964,0.7791278702753885,False
18,34,basic_fusion_before_improvements,Fusion model,B_cnn_plus_mri_proxy_plus_non_age_metadata,gradient_boosting,optimized_on_validation_f1,0.18,17,/kaggle/working/oasis1_oasis2_alzheimer_cv_fusion/artifacts/fusion_B_cnn_plus_mri_proxy_plus_non_age_metadata_gradient_boosting.joblib,0.75,0.6666666666666666,0.8947368421052632,0.7640449438202247,0.7854691075514874,0.6989247311827957,0.660377358490566,0.7777777777777778,0.7142857142857143,0.7439814814814815,0.7790418584321085,False
19,35,ensemble_top_cnn_fusion,Fusion model,B_ensemble_cnn_probs_plus_mri_proxy_plus_non_age_metadata,mlp_classifier,optimized_on_validation_f1,0.26,19,/kaggle/working/oasis1_oasis2_alzheimer_cv_fusion/artifacts/ensemble_fusion_B_ensemble_cnn_probs_plus_mri_proxy_plus_non_age_metadata_mlp_classifier.joblib,0.7142857142857143,0.625,0.9210526315789473,0.7446808510638298,0.7934782608695652,0.6559139784946236,0.6031746031746031,0.8444444444444444,0.7037037037037037,0.7870370370370371,0.7788390379278445,False
20,36,ensemble_top_cnn_fusion,Fusion model,B_ensemble_cnn_probs_plus_selected_mri_proxy_plus_non_age_metadata,svc_rbf,optimized_on_validation_f1,0.32,9,/kaggle/working/oasis1_oasis2_alzheimer_cv_fusion/artifacts/ensemble_fusion_B_ensemble_cnn_probs_plus_selected_mri_proxy_plus_non_age_metadata_svc_rbf.joblib,0.7380952380952381,0.6739130434782609,0.8157894736842105,0.7380952380952381,0.7951945080091534,0.7204301075268817,0.7111111111111111,0.7111111111111111,0.7111111111111111,0.7694444444444445,0.7780647270349788,False
21,37,ensemble_top_cnn_fusion,Fusion model,A_ensemble_cnn_probs_plus_mri_proxy,logistic_regression_robust,optimized_on_validation_f1,0.5700000000000001,16,/kaggle/working/oasis1_oasis2_alzheimer_cv_fusion/artifacts/ensemble_fusion_A_ensemble_cnn_probs_plus_mri_proxy_logistic_regression_robust.joblib,0.7619047619047619,0.725,0.7631578947368421,0.7435897435897436,0.7906178489702518,0.7096774193548387,0.7142857142857143,0.6666666666666666,0.6896551724137931,0.7689814814814816,0.7765094173560992,False
22,38,ensemble_top_cnn_fusion,Fusion model,A_ensemble_cnn_probs_plus_selected_mri_proxy,logistic_regression_robust,optimized_on_validation_f1,0.58,6,/kaggle/working/oasis1_oasis2_alzheimer_cv_fusion/artifacts/ensemble_fusion_A_ensemble_cnn_probs_plus_selected_mri_proxy_logistic_regression_robust.joblib,0.7619047619047619,0.7368421052631579,0.7368421052631579,0.7368421052631579,0.7917620137299771,0.7096774193548387,0.7142857142857143,0.6666666666666666,0.6896551724137931,0.7699074074074075,0.7752860411899314,False
23,39,extra_cnn_finetuning,MRI-only CNN improvement,mri_only_25d_extra_finetuned,convnext_tiny,default_threshold_0.50,0.5,MRI slices,/kaggle/working/oasis1_oasis2_alzheimer_cv_fusion/checkpoints/convnext_tiny_partial_unfreeze_last1_lr5e6.pt,0.7023809523809523,0.6585365853658537,0.7105263157894737,0.6835443037974683,0.8077803203661327,0.7311827956989247,0.7777777777777778,0.6222222222222222,0.691358024691358,0.7796296296296296,0.7705095153955334,False
24,40,ensemble_top_cnn_fusion,Fusion model,B_ensemble_cnn_probs_plus_selected_mri_proxy_plus_non_age_metadata,svc_rbf,default_threshold_0.50,0.5,9,/kaggle/working/oasis1_oasis2_alzheimer_cv_fusion/artifacts/ensemble_fusion_B_ensemble_cnn_probs_plus_selected_mri_proxy_plus_non_age_metadata_svc_rbf.joblib,0.7261904761904762,0.6829268292682927,0.7368421052631579,0.7088607594936709,0.7951945080091534,0.7204301075268817,0.7435897435897436,0.6444444444444445,0.6904761904761905,0.7694444444444445,0.7692943834545086,False
25,41,ensemble_top_cnn_fusion,Fusion model,B_ensemble_cnn_probs_plus_mri_proxy_plus_non_age_metadata,svc_rbf,default_threshold_0.50,0.5,19,/kaggle/working/oasis1_oasis2_alzheimer_cv_fusion/artifacts/ensemble_fusion_B_ensemble_cnn_probs_plus_mri_proxy_plus_non_age_metadata_svc_rbf.joblib,0.7142857142857143,0.6666666666666666,0.7368421052631579,0.7,0.7977688787185354,0.7311827956989247,0.75,0.6666666666666666,0.7058823529411765,0.7712962962962964,0.7684382151029747,False
26,42,ensemble_top_cnn_fusion,Fusion model,A_ensemble_cnn_probs_plus_mri_proxy,svc_rbf,optimized_on_validation_f1,0.31,16,/kaggle/working/oasis1_oasis2_alzheimer_cv_fusion/artifacts/ensemble_fusion_A_ensemble_cnn_probs_plus_mri_proxy_svc_rbf.joblib,0.7380952380952381,0.6666666666666666,0.8421052631578947,0.7441860465116279,0.7768878718535468,0.7311827956989247,0.717391304347826,0.7333333333333333,0.7252747252747253,0.7824074074074074,0.7670773242509711,False
27,43,ensemble_top_cnn_fusion,Fusion model,A_ensemble_cnn_probs_plus_selected_mri_proxy,logistic_regression_robust,default_threshold_0.50,0.5,6,/kaggle/working/oasis1_oasis2_alzheimer_cv_fusion/artifacts/ensemble_fusion_A_ensemble_cnn_probs_plus_selected_mri_proxy_logistic_regression_robust.joblib,0.7142857142857143,0.6590909090909091,0.7631578947368421,0.7073170731707317,0.7917620137299771,0.7204301075268817,0.7209302325581395,0.6888888888888889,0.7045454545454546,0.7699074074074075,0.7664285315622035,False
28,44,ensemble_top_cnn_fusion,Fusion model,A_ensemble_cnn_probs_plus_mri_proxy,logistic_regression_robust,default_threshold_0.50,0.5,16,/kaggle/working/oasis1_oasis2_alzheimer_cv_fusion/artifacts/ensemble_fusion_A_ensemble_cnn_probs_plus_mri_proxy_logistic_regression_robust.joblib,0.7142857142857143,0.6590909090909091,0.7631578947368421,0.7073170731707317,0.7906178489702518,0.7204301075268817,0.7209302325581395,0.6888888888888889,0.7045454545454546,0.7689814814814816,0.7656276162303957,False
29,45,basic_fusion_before_improvements,Fusion model,B_cnn_plus_mri_proxy_plus_non_age_metadata,gradient_boosting,default_threshold_0.50,0.5,17,/kaggle/working/oasis1_oasis2_alzheimer_cv_fusion/artifacts/fusion_B_cnn_plus_mri_proxy_plus_non_age_metadata_gradient_boosting.joblib,0.7261904761904762,0.6744186046511628,0.7631578947368421,0.7160493827160493,0.7854691075514874,0.6666666666666666,0.6944444444444444,0.5555555555555556,0.6172839506172839,0.7439814814814815,0.7646431901008559,False
30,46,ensemble_top_cnn_fusion,Fusion model,B_ensemble_cnn_probs_plus_selected_mri_proxy_plus_non_age_metadata,catboost,optimized_on_validation_f1,0.11,9,/kaggle/working/oasis1_oasis2_alzheimer_cv_fusion/artifacts/ensemble_fusion_B_ensemble_cnn_probs_plus_selected_mri_proxy_plus_non_age_metadata_catboost.joblib,0.7023809523809523,0.6274509803921569,0.8421052631578947,0.7191011235955056,0.7837528604118993,0.6989247311827957,0.6491228070175439,0.8222222222222222,0.7254901960784313,0.761574074074074,0.7643573393669811,False
31,47,ensemble_top_cnn_fusion,Fusion model,A_ensemble_cnn_probs_plus_mri_proxy,mlp_classifier,default_threshold_0.50,0.5,16,/kaggle/working/oasis1_oasis2_alzheimer_cv_fusion/artifacts/ensemble_fusion_A_ensemble_cnn_probs_plus_mri_proxy_mlp_classifier.joblib,0.7261904761904762,0.7027027027027027,0.6842105263157895,0.6933333333333334,0.7917620137299771,0.6774193548387096,0.7272727272727273,0.5333333333333333,0.6153846153846154,0.7671296296296296,0.762233409610984,False
32,48,ensemble_top_cnn_fusion,Fusion model,B_ensemble_cnn_probs_plus_mri_proxy_plus_non_age_metadata,mlp_classifier,default_threshold_0.50,0.5,19,/kaggle/working/oasis1_oasis2_alzheimer_cv_fusion/artifacts/ensemble_fusion_B_ensemble_cnn_probs_plus_mri_proxy_plus_non_age_metadata_mlp_classifier.joblib,0.7023809523809523,0.6666666666666666,0.6842105263157895,0.6753246753246753,0.7934782608695652,0.6774193548387096,0.7777777777777778,0.4666666666666667,0.5833333333333334,0.7870370370370371,0.7580321852060982,False
33,49,ensemble_top_cnn_fusion,Fusion model,B_ensemble_cnn_probs_plus_mri_proxy_plus_non_age_metadata,catboost,optimized_on_validation_f1,0.13,19,/kaggle/working/oasis1_oasis2_alzheimer_cv_fusion/artifacts/ensemble_fusion_B_ensemble_cnn_probs_plus_mri_proxy_plus_non_age_metadata_catboost.joblib,0.7023809523809523,0.6274509803921569,0.8421052631578947,0.7191011235955056,0.7705949656750573,0.6989247311827957,0.6491228070175439,0.8222222222222222,0.7254901960784313,0.7560185185185184,0.7551468130511917,False
34,50,ensemble_top_cnn_fusion,Fusion model,B_ensemble_cnn_probs_plus_selected_mri_proxy_plus_non_age_metadata,catboost,default_threshold_0.50,0.5,9,/kaggle/working/oasis1_oasis2_alzheimer_cv_fusion/artifacts/ensemble_fusion_B_ensemble_cnn_probs_plus_selected_mri_proxy_plus_non_age_metadata_catboost.joblib,0.7142857142857143,0.6842105263157895,0.6842105263157895,0.6842105263157895,0.7837528604118993,0.6989247311827957,0.673469387755102,0.7333333333333333,0.7021276595744681,0.761574074074074,0.7538901601830663,False
35,51,ensemble_top_cnn_fusion,Fusion model,A_ensemble_cnn_probs_plus_selected_mri_proxy,svc_rbf,optimized_on_validation_f1,0.25,6,/kaggle/working/oasis1_oasis2_alzheimer_cv_fusion/artifacts/ensemble_fusion_A_ensemble_cnn_probs_plus_selected_mri_proxy_svc_rbf.joblib,0.7380952380952381,0.6666666666666666,0.8421052631578947,0.7441860465116279,0.7562929061784897,0.7204301075268817,0.6938775510204082,0.7555555555555555,0.723404255319149,0.7782407407407407,0.752660848278431,False
36,52,ensemble_top_cnn_fusion,Fusion model,A_ensemble_cnn_probs_plus_mri_proxy,catboost,optimized_on_validation_f1,0.15000000000000002,16,/kaggle/working/oasis1_oasis2_alzheimer_cv_fusion/artifacts/ensemble_fusion_A_ensemble_cnn_probs_plus_mri_proxy_catboost.joblib,0.7023809523809523,0.6274509803921569,0.8421052631578947,0.7191011235955056,0.7620137299771167,0.6881720430107527,0.6428571428571429,0.8,0.7128712871287128,0.7620370370370371,0.7491399480626333,False
37,53,ensemble_top_cnn_fusion,Fusion model,B_ensemble_cnn_probs_plus_selected_mri_proxy_plus_non_age_metadata,xgboost,optimized_on_validation_f1,0.12000000000000001,9,/kaggle/working/oasis1_oasis2_alzheimer_cv_fusion/artifacts/ensemble_fusion_B_ensemble_cnn_probs_plus_selected_mri_proxy_plus_non_age_metadata_xgboost.joblib,0.7023809523809523,0.6274509803921569,0.8421052631578947,0.7191011235955056,0.7597254004576659,0.6774193548387096,0.6363636363636364,0.7777777777777778,0.7,0.775,0.7475381173990178,False
38,54,ensemble_top_cnn_fusion,Fusion model,B_ensemble_cnn_probs_plus_mri_proxy_plus_non_age_metadata,xgboost,optimized_on_validation_f1,0.11,19,/kaggle/working/oasis1_oasis2_alzheimer_cv_fusion/artifacts/ensemble_fusion_B_ensemble_cnn_probs_plus_mri_proxy_plus_non_age_metadata_xgboost.joblib,0.7023809523809523,0.6274509803921569,0.8421052631578947,0.7191011235955056,0.7585812356979404,0.6774193548387096,0.6363636363636364,0.7777777777777778,0.7,0.7615740740740741,0.74673720206721,False
39,55,basic_fusion_before_improvements,Fusion model,A_cnn_plus_mri_proxy,random_forest,optimized_on_validation_f1,0.41,14,/kaggle/working/oasis1_oasis2_alzheimer_cv_fusion/artifacts/fusion_A_cnn_plus_mri_proxy_random_forest.joblib,0.7619047619047619,0.6875,0.868421052631579,0.7674418604651163,0.7356979405034325,0.6881720430107527,0.6739130434782609,0.6888888888888889,0.6813186813186813,0.7291666666666667,0.7452211164919377,False
40,56,basic_fusion_before_improvements,Fusion model,A_cnn_plus_mri_proxy,gradient_boosting,optimized_on_validation_f1,0.16,14,/kaggle/working/oasis1_oasis2_alzheimer_cv_fusion/artifacts/fusion_A_cnn_plus_mri_proxy_gradient_boosting.joblib,0.7380952380952381,0.6538461538461539,0.8947368421052632,0.7555555555555555,0.7391304347826088,0.6559139784946236,0.6140350877192983,0.7777777777777778,0.6862745098039216,0.7296296296296296,0.7440579710144928,False
41,57,ensemble_top_cnn_fusion,Fusion model,A_ensemble_cnn_probs_plus_mri_proxy,svc_rbf,default_threshold_0.50,0.5,16,/kaggle/working/oasis1_oasis2_alzheimer_cv_fusion/artifacts/ensemble_fusion_A_ensemble_cnn_probs_plus_mri_proxy_svc_rbf.joblib,0.6904761904761905,0.65,0.6842105263157895,0.6666666666666666,0.7768878718535468,0.7096774193548387,0.7142857142857143,0.6666666666666666,0.6896551724137931,0.7824074074074074,0.7438215102974827,False
42,58,ensemble_top_cnn_fusion,Fusion model,B_ensemble_cnn_probs_plus_mri_proxy_plus_non_age_metadata,hist_gradient_boosting,optimized_on_validation_f1,0.1,19,/kaggle/working/oasis1_oasis2_alzheimer_cv_fusion/artifacts/ensemble_fusion_B_ensemble_cnn_probs_plus_mri_proxy_plus_non_age_metadata_hist_gradient_boosting.joblib,0.6785714285714286,0.6170212765957447,0.7631578947368421,0.6823529411764706,0.7683066361556063,0.6774193548387096,0.6470588235294118,0.7333333333333333,0.6875,0.7356481481481482,0.7425205276618656,False
43,59,ensemble_top_cnn_fusion,Fusion model,A_ensemble_cnn_probs_plus_mri_proxy,xgboost,optimized_on_validation_f1,0.11,16,/kaggle/working/oasis1_oasis2_alzheimer_cv_fusion/artifacts/ensemble_fusion_A_ensemble_cnn_probs_plus_mri_proxy_xgboost.joblib,0.7023809523809523,0.6274509803921569,0.8421052631578947,0.7191011235955056,0.7522883295194508,0.6774193548387096,0.6363636363636364,0.7777777777777778,0.7,0.7597222222222222,0.7423321677422672,False
44,60,ensemble_top_cnn_fusion,Fusion model,B_ensemble_cnn_probs_plus_selected_mri_proxy_plus_non_age_metadata,mlp_classifier,optimized_on_validation_f1,0.44000000000000006,9,/kaggle/working/oasis1_oasis2_alzheimer_cv_fusion/artifacts/ensemble_fusion_B_ensemble_cnn_probs_plus_selected_mri_proxy_plus_non_age_metadata_mlp_classifier.joblib,0.7023809523809523,0.6326530612244898,0.8157894736842105,0.7126436781609196,0.7534324942791762,0.6451612903225806,0.59375,0.8444444444444444,0.6972477064220184,0.7375,0.7411958494436992,False
45,61,basic_fusion_before_improvements,Fusion model,A_cnn_plus_mri_proxy,random_forest,default_threshold_0.50,0.5,14,/kaggle/working/oasis1_oasis2_alzheimer_cv_fusion/artifacts/fusion_A_cnn_plus_mri_proxy_random_forest.joblib,0.75,0.6808510638297872,0.8421052631578947,0.7529411764705882,0.7356979405034325,0.6989247311827957,0.7297297297297297,0.6,0.6585365853658537,0.7291666666666667,0.7408709112935792,False
46,62,ensemble_top_cnn_fusion,Fusion model,A_ensemble_cnn_probs_plus_selected_mri_proxy,lightgbm,optimized_on_validation_f1,0.2,6,/kaggle/working/oasis1_oasis2_alzheimer_cv_fusion/artifacts/ensemble_fusion_A_ensemble_cnn_probs_plus_selected_mri_proxy_lightgbm.joblib,0.7142857142857143,0.6521739130434783,0.7894736842105263,0.7142857142857143,0.7488558352402745,0.6774193548387096,0.6470588235294118,0.7333333333333333,0.6875,0.7449074074074074,0.7384847989539065,False
47,63,basic_fusion_before_improvements,Fusion model,A_cnn_plus_mri_proxy,extra_trees,optimized_on_validation_f1,0.43,14,/kaggle/working/oasis1_oasis2_alzheimer_cv_fusion/artifacts/fusion_A_cnn_plus_mri_proxy_extra_trees.joblib,0.7142857142857143,0.6458333333333334,0.8157894736842105,0.7209302325581395,0.7448512585812358,0.6451612903225806,0.6304347826086957,0.6444444444444445,0.6373626373626373,0.7217592592592593,0.7376749507743069,False
48,64,ensemble_top_cnn_fusion,Fusion model,B_ensemble_cnn_probs_plus_mri_proxy_plus_non_age_metadata,lightgbm,optimized_on_validation_f1,0.13,19,/kaggle/working/oasis1_oasis2_alzheimer_cv_fusion/artifacts/ensemble_fusion_B_ensemble_cnn_probs_plus_mri_proxy_plus_non_age_metadata_lightgbm.joblib,0.7023809523809523,0.6326530612244898,0.8157894736842105,0.7126436781609196,0.7482837528604119,0.6774193548387096,0.6415094339622641,0.7555555555555555,0.6938775510204082,0.7476851851851851,0.7375917304505641,False
49,65,ensemble_top_cnn_fusion,Fusion model,B_ensemble_cnn_probs_plus_mri_proxy_plus_non_age_metadata,catboost,default_threshold_0.50,0.5,19,/kaggle/working/oasis1_oasis2_alzheimer_cv_fusion/artifacts/ensemble_fusion_B_ensemble_cnn_probs_plus_mri_proxy_plus_non_age_metadata_catboost.joblib,0.6785714285714286,0.6341463414634146,0.6842105263157895,0.6582278481012658,0.7705949656750573,0.6881720430107527,0.66,0.7333333333333333,0.6947368421052632,0.7560185185185184,0.7368848304029197,False
50,66,ensemble_top_cnn_fusion,Fusion model,A_ensemble_cnn_probs_plus_selected_mri_proxy,xgboost,optimized_on_validation_f1,0.11,6,/kaggle/working/oasis1_oasis2_alzheimer_cv_fusion/artifacts/ensemble_fusion_A_ensemble_cnn_probs_plus_selected_mri_proxy_xgboost.joblib,0.7023809523809523,0.6274509803921569,0.8421052631578947,0.7191011235955056,0.7408466819221967,0.6774193548387096,0.6363636363636364,0.7777777777777778,0.7,0.7708333333333333,0.7343230144241893,False
51,67,ensemble_top_cnn_fusion,Fusion model,A_ensemble_cnn_probs_plus_mri_proxy,hist_gradient_boosting,optimized_on_validation_f1,0.1,16,/kaggle/working/oasis1_oasis2_alzheimer_cv_fusion/artifacts/ensemble_fusion_A_ensemble_cnn_probs_plus_mri_proxy_hist_gradient_boosting.joblib,0.6785714285714286,0.6222222222222222,0.7368421052631579,0.6746987951807228,0.7591533180778032,0.6881720430107527,0.6538461538461539,0.7555555555555555,0.7010309278350515,0.7435185185185185,0.7338169612086791,False
52,68,ensemble_top_cnn_fusion,Fusion model,B_ensemble_cnn_probs_plus_selected_mri_proxy_plus_non_age_metadata,hist_gradient_boosting,optimized_on_validation_f1,0.15000000000000002,9,/kaggle/working/oasis1_oasis2_alzheimer_cv_fusion/artifacts/ensemble_fusion_B_ensemble_cnn_probs_plus_selected_mri_proxy_plus_non_age_metadata_hist_gradient_boosting.joblib,0.7023809523809523,0.6382978723404256,0.7894736842105263,0.7058823529411765,0.7437070938215102,0.6774193548387096,0.6530612244897959,0.7111111111111111,0.6808510638297872,0.7388888888888889,0.7323596715574101,False
53,69,ensemble_top_cnn_fusion,Fusion model,A_ensemble_cnn_probs_plus_selected_mri_proxy,catboost,optimized_on_validation_f1,0.13,6,/kaggle/working/oasis1_oasis2_alzheimer_cv_fusion/artifacts/ensemble_fusion_A_ensemble_cnn_probs_plus_selected_mri_proxy_catboost.joblib,0.6904761904761905,0.6153846153846154,0.8421052631578947,0.7111111111111111,0.7414187643020596,0.7096774193548387,0.6551724137931034,0.8444444444444444,0.7378640776699029,0.7574074074074075,0.732326468344775,False
54,70,ensemble_top_cnn_fusion,Fusion model,A_ensemble_cnn_probs_plus_mri_proxy,lightgbm,optimized_on_validation_f1,0.1,16,/kaggle/working/oasis1_oasis2_alzheimer_cv_fusion/artifacts/ensemble_fusion_A_ensemble_cnn_probs_plus_mri_proxy_lightgbm.joblib,0.6904761904761905,0.625,0.7894736842105263,0.6976744186046512,0.7454233409610983,0.6774193548387096,0.6363636363636364,0.7777777777777778,0.7,0.7555555555555555,0.7310986642541641,False
55,71,ensemble_top_cnn_fusion,Fusion model,B_ensemble_cnn_probs_plus_mri_proxy_plus_non_age_metadata,hist_gradient_boosting,default_threshold_0.50,0.5,19,/kaggle/working/oasis1_oasis2_alzheimer_cv_fusion/artifacts/ensemble_fusion_B_ensemble_cnn_probs_plus_mri_proxy_plus_non_age_metadata_hist_gradient_boosting.joblib,0.6666666666666666,0.625,0.6578947368421053,0.6410256410256411,0.7683066361556063,0.6881720430107527,0.6739130434782609,0.6888888888888889,0.6813186813186813,0.7356481481481482,0.7301223376166167,False
56,72,ensemble_top_cnn_fusion,Fusion model,A_ensemble_cnn_probs_plus_selected_mri_proxy,svc_rbf,default_threshold_0.50,0.5,6,/kaggle/working/oasis1_oasis2_alzheimer_cv_fusion/artifacts/ensemble_fusion_A_ensemble_cnn_probs_plus_selected_mri_proxy_svc_rbf.joblib,0.6904761904761905,0.65,0.6842105263157895,0.6666666666666666,0.7562929061784897,0.6989247311827957,0.6976744186046512,0.6666666666666666,0.6818181818181818,0.7782407407407407,0.7294050343249426,False
57,73,ensemble_top_cnn_fusion,Fusion model,A_ensemble_cnn_probs_plus_mri_proxy,catboost,default_threshold_0.50,0.5,16,/kaggle/working/oasis1_oasis2_alzheimer_cv_fusion/artifacts/ensemble_fusion_A_ensemble_cnn_probs_plus_mri_proxy_catboost.joblib,0.6666666666666666,0.625,0.6578947368421053,0.6410256410256411,0.7620137299771167,0.6774193548387096,0.6530612244897959,0.7111111111111111,0.6808510638297872,0.7620370370370371,0.7257173032916739,False
58,74,ensemble_top_cnn_fusion,Fusion model,B_ensemble_cnn_probs_plus_selected_mri_proxy_plus_non_age_metadata,xgboost,default_threshold_0.50,0.5,9,/kaggle/working/oasis1_oasis2_alzheimer_cv_fusion/artifacts/ensemble_fusion_B_ensemble_cnn_probs_plus_selected_mri_proxy_plus_non_age_metadata_xgboost.joblib,0.6666666666666666,0.625,0.6578947368421053,0.6410256410256411,0.7597254004576659,0.7096774193548387,0.6956521739130435,0.7111111111111111,0.7032967032967034,0.775,0.7241154726280584,False
59,75,basic_fusion_before_improvements,Fusion model,A_cnn_plus_mri_proxy,extra_trees,default_threshold_0.50,0.5,14,/kaggle/working/oasis1_oasis2_alzheimer_cv_fusion/artifacts/fusion_A_cnn_plus_mri_proxy_extra_trees.joblib,0.6785714285714286,0.6222222222222222,0.7368421052631579,0.6746987951807228,0.7448512585812358,0.7096774193548387,0.75,0.6,0.6666666666666666,0.7217592592592593,0.723805519561082,False
60,76,ensemble_top_cnn_fusion,Fusion model,B_ensemble_cnn_probs_plus_selected_mri_proxy_plus_non_age_metadata,lightgbm,optimized_on_validation_f1,0.1,9,/kaggle/working/oasis1_oasis2_alzheimer_cv_fusion/artifacts/ensemble_fusion_B_ensemble_cnn_probs_plus_selected_mri_proxy_plus_non_age_metadata_lightgbm.joblib,0.6904761904761905,0.625,0.7894736842105263,0.6976744186046512,0.7339816933638443,0.6989247311827957,0.660377358490566,0.7777777777777778,0.7142857142857143,0.7453703703703705,0.7230895109360864,False
61,77,ensemble_top_cnn_fusion,Fusion model,B_ensemble_cnn_probs_plus_mri_proxy_plus_non_age_metadata,xgboost,default_threshold_0.50,0.5,19,/kaggle/working/oasis1_oasis2_alzheimer_cv_fusion/artifacts/ensemble_fusion_B_ensemble_cnn_probs_plus_mri_proxy_plus_non_age_metadata_xgboost.joblib,0.6785714285714286,0.6486486486486487,0.631578947368421,0.64,0.7585812356979404,0.7096774193548387,0.6875,0.7333333333333333,0.7096774193548387,0.7615740740740741,0.7230068649885584,False
62,78,basic_fusion_before_improvements,Fusion model,A_cnn_plus_mri_proxy,gradient_boosting,default_threshold_0.50,0.5,14,/kaggle/working/oasis1_oasis2_alzheimer_cv_fusion/artifacts/fusion_A_cnn_plus_mri_proxy_gradient_boosting.joblib,0.6785714285714286,0.627906976744186,0.7105263157894737,0.6666666666666666,0.7391304347826088,0.6881720430107527,0.7222222222222222,0.5777777777777777,0.6419753086419753,0.7296296296296296,0.717391304347826,False
63,79,ensemble_top_cnn_fusion,Fusion model,A_ensemble_cnn_probs_plus_mri_proxy,xgboost,default_threshold_0.50,0.5,16,/kaggle/working/oasis1_oasis2_alzheimer_cv_fusion/artifacts/ensemble_fusion_A_ensemble_cnn_probs_plus_mri_proxy_xgboost.joblib,0.6547619047619048,0.6097560975609756,0.6578947368421053,0.6329113924050633,0.7522883295194508,0.7204301075268817,0.7021276595744681,0.7333333333333333,0.717391304347826,0.7597222222222222,0.7164752483851345,False
64,80,ensemble_top_cnn_fusion,Fusion model,A_ensemble_cnn_probs_plus_selected_mri_proxy,lightgbm,default_threshold_0.50,0.5,6,/kaggle/working/oasis1_oasis2_alzheimer_cv_fusion/artifacts/ensemble_fusion_A_ensemble_cnn_probs_plus_selected_mri_proxy_lightgbm.joblib,0.6785714285714286,0.6486486486486487,0.631578947368421,0.64,0.7488558352402745,0.6989247311827957,0.6808510638297872,0.7111111111111111,0.6956521739130435,0.7449074074074074,0.7161990846681923,False
65,81,ensemble_top_cnn_fusion,Fusion model,A_ensemble_cnn_probs_plus_selected_mri_proxy,hist_gradient_boosting,optimized_on_validation_f1,0.33,6,/kaggle/working/oasis1_oasis2_alzheimer_cv_fusion/artifacts/ensemble_fusion_A_ensemble_cnn_probs_plus_selected_mri_proxy_hist_gradient_boosting.joblib,0.6904761904761905,0.65,0.6842105263157895,0.6666666666666666,0.7356979405034325,0.6881720430107527,0.6666666666666666,0.7111111111111111,0.6881720430107527,0.7592592592592593,0.7149885583524027,False
66,82,ensemble_top_cnn_fusion,Fusion model,B_ensemble_cnn_probs_plus_selected_mri_proxy_plus_non_age_metadata,hist_gradient_boosting,default_threshold_0.50,0.5,9,/kaggle/working/oasis1_oasis2_alzheimer_cv_fusion/artifacts/ensemble_fusion_B_ensemble_cnn_probs_plus_selected_mri_proxy_plus_non_age_metadata_hist_gradient_boosting.joblib,0.6785714285714286,0.6486486486486487,0.631578947368421,0.64,0.7437070938215102,0.7096774193548387,0.6956521739130435,0.7111111111111111,0.7032967032967034,0.7388888888888889,0.7125949656750572,False
67,83,ensemble_top_cnn_fusion,Fusion model,A_ensemble_cnn_probs_plus_mri_proxy,lightgbm,default_threshold_0.50,0.5,16,/kaggle/working/oasis1_oasis2_alzheimer_cv_fusion/artifacts/ensemble_fusion_A_ensemble_cnn_probs_plus_mri_proxy_lightgbm.joblib,0.6428571428571429,0.5909090909090909,0.6842105263157895,0.6341463414634146,0.7454233409610983,0.7204301075268817,0.6938775510204082,0.7555555555555555,0.723404255319149,0.7555555555555555,0.7120402411117932,False
68,84,ensemble_top_cnn_fusion,Fusion model,B_ensemble_cnn_probs_plus_mri_proxy_plus_non_age_metadata,lightgbm,default_threshold_0.50,0.5,19,/kaggle/working/oasis1_oasis2_alzheimer_cv_fusion/artifacts/ensemble_fusion_B_ensemble_cnn_probs_plus_mri_proxy_plus_non_age_metadata_lightgbm.joblib,0.6428571428571429,0.5952380952380952,0.6578947368421053,0.625,0.7482837528604119,0.7204301075268817,0.6938775510204082,0.7555555555555555,0.723404255319149,0.7476851851851851,0.7112986270022883,False
69,85,ensemble_top_cnn_fusion,Fusion model,A_ensemble_cnn_probs_plus_mri_proxy,hist_gradient_boosting,default_threshold_0.50,0.5,16,/kaggle/working/oasis1_oasis2_alzheimer_cv_fusion/artifacts/ensemble_fusion_A_ensemble_cnn_probs_plus_mri_proxy_hist_gradient_boosting.joblib,0.6309523809523809,0.5897435897435898,0.6052631578947368,0.5974025974025974,0.7591533180778032,0.7096774193548387,0.6956521739130435,0.7111111111111111,0.7032967032967034,0.7435185185185185,0.7106281018752414,False
70,86,ensemble_top_cnn_fusion,Fusion model,A_ensemble_cnn_probs_plus_selected_mri_proxy,hist_gradient_boosting,default_threshold_0.50,0.5,6,/kaggle/working/oasis1_oasis2_alzheimer_cv_fusion/artifacts/ensemble_fusion_A_ensemble_cnn_probs_plus_selected_mri_proxy_hist_gradient_boosting.joblib,0.6666666666666666,0.631578947368421,0.631578947368421,0.631578947368421,0.7356979405034325,0.6881720430107527,0.6666666666666666,0.7111111111111111,0.6881720430107527,0.7592592592592593,0.704462242562929,False
71,87,ensemble_top_cnn_fusion,Fusion model,A_ensemble_cnn_probs_plus_selected_mri_proxy,xgboost,default_threshold_0.50,0.5,6,/kaggle/working/oasis1_oasis2_alzheimer_cv_fusion/artifacts/ensemble_fusion_A_ensemble_cnn_probs_plus_selected_mri_proxy_xgboost.joblib,0.6547619047619048,0.6216216216216216,0.6052631578947368,0.6133333333333333,0.7408466819221967,0.6989247311827957,0.6808510638297872,0.7111111111111111,0.6956521739130435,0.7708333333333333,0.7025926773455377,False
72,88,ensemble_top_cnn_fusion,Fusion model,A_ensemble_cnn_probs_plus_selected_mri_proxy,catboost,default_threshold_0.50,0.5,6,/kaggle/working/oasis1_oasis2_alzheimer_cv_fusion/artifacts/ensemble_fusion_A_ensemble_cnn_probs_plus_selected_mri_proxy_catboost.joblib,0.6309523809523809,0.5945945945945946,0.5789473684210527,0.5866666666666667,0.7414187643020596,0.6989247311827957,0.673469387755102,0.7333333333333333,0.7021276595744681,0.7574074074074075,0.6949931350114416,False
73,89,ensemble_top_cnn_fusion,Fusion model,B_ensemble_cnn_probs_plus_selected_mri_proxy_plus_non_age_metadata,mlp_classifier,default_threshold_0.50,0.5,9,/kaggle/working/oasis1_oasis2_alzheimer_cv_fusion/artifacts/ensemble_fusion_B_ensemble_cnn_probs_plus_selected_mri_proxy_plus_non_age_metadata_mlp_classifier.joblib,0.6428571428571429,0.6428571428571429,0.47368421052631576,0.5454545454545454,0.7534324942791762,0.6881720430107527,0.6904761904761905,0.6444444444444445,0.6666666666666666,0.7375,0.6910391096317869,False
74,90,ensemble_top_cnn_fusion,Fusion model,B_ensemble_cnn_probs_plus_selected_mri_proxy_plus_non_age_metadata,lightgbm,default_threshold_0.50,0.5,9,/kaggle/working/oasis1_oasis2_alzheimer_cv_fusion/artifacts/ensemble_fusion_B_ensemble_cnn_probs_plus_selected_mri_proxy_plus_non_age_metadata_lightgbm.joblib,0.6309523809523809,0.6,0.5526315789473685,0.5753424657534246,0.7339816933638443,0.6989247311827957,0.6808510638297872,0.7111111111111111,0.6956521739130435,0.7453703703703705,0.6863899250807184,False
